email_text,label
Let's discuss potential sponsorship opportunities.,sponsorship
Get your exclusive loyalty rewards now!,promotion
It was great seeing you last weekend!,personal
Flash sale! Up to 70% off only for today.,promotion
Let's schedule a call for the next quarter planning.,business
You have been selected for a cash reward.,spam
Please find the attached project report.,business
You have been selected for a cash reward.,spam
Kindly review the meeting agenda beforehand.,business
Congratulations! You've won a prize! Claim now.,spam
Get your exclusive loyalty rewards now!,promotion
Please find the attached project report.,business
Flash sale! Up to 70% off only for today.,promotion
"Introducing our new product line, available now.",promotion
We would like to feature your brand in our campaign.,sponsorship
Earn $5000 a week from home! Click here.,spam
Flash sale! Up to 70% off only for today.,promotion
Earn $5000 a week from home! Click here.,spam
Invoice for last month's services is attached.,business
Looking forward to our collaboration on the new project.,business
Get rich fast with this simple method!,spam
Congratulations! You've won a prize! Claim now.,spam
Special discount on your next purchase!,promotion
Just checking in. Hope everything is good with you.,personal
Limited time offer! Buy 1 get 1 free.,spam
Get rich fast with this simple method!,spam
Special discount on your next purchase!,promotion
Excited to partner with you for your next project.,sponsorship
Happy Birthday! Wishing you a wonderful year ahead.,personal
Proposal for sponsorship collaboration attached.,sponsorship
"Hey, how have you been? Let's catch up soon!",personal
Earn $5000 a week from home! Click here.,spam
Proposal for sponsorship collaboration attached.,sponsorship
Congratulations! You've won a prize! Claim now.,spam
Please find the attached project report.,business
We are interested in sponsoring your upcoming event.,sponsorship
Congratulations! You've won a prize! Claim now.,spam
Pre-order our upcoming release and save big.,promotion
You have been selected for a cash reward.,spam
Proposal for sponsorship collaboration attached.,sponsorship
Proposal for sponsorship collaboration attached.,sponsorship
Happy Birthday! Wishing you a wonderful year ahead.,personal
It was great seeing you last weekend!,personal
We would like to feature your brand in our campaign.,sponsorship
We would like to feature your brand in our campaign.,sponsorship
Pre-order our upcoming release and save big.,promotion
Earn $5000 a week from home! Click here.,spam
We are interested in sponsoring your upcoming event.,sponsorship
Limited time offer! Buy 1 get 1 free.,spam
Excited to partner with you for your next project.,sponsorship
Just checking in. Hope everything is good with you.,personal
"Introducing our new product line, available now.",promotion
"Introducing our new product line, available now.",promotion
Pre-order our upcoming release and save big.,promotion
We are interested in sponsoring your upcoming event.,sponsorship
Limited time offer! Buy 1 get 1 free.,spam
"Hey, how have you been? Let's catch up soon!",personal
It was great seeing you last weekend!,personal
Please find the attached project report.,business
Flash sale! Up to 70% off only for today.,promotion
You have been selected for a cash reward.,spam
Are you free for coffee this Saturday?,personal
Earn $5000 a week from home! Click here.,spam
Excited to partner with you for your next project.,sponsorship
Limited time offer! Buy 1 get 1 free.,spam
Get rich fast with this simple method!,spam
Please find the attached project report.,business
Happy Birthday! Wishing you a wonderful year ahead.,personal
Kindly review the meeting agenda beforehand.,business
Just checking in. Hope everything is good with you.,personal
Excited to partner with you for your next project.,sponsorship
Proposal for sponsorship collaboration attached.,sponsorship
"Hey, how have you been? Let's catch up soon!",personal
Let's discuss potential sponsorship opportunities.,sponsorship
"Introducing our new product line, available now.",promotion
Get rich fast with this simple method!,spam
Pre-order our upcoming release and save big.,promotion
Looking forward to our collaboration on the new project.,business
Limited time offer! Buy 1 get 1 free.,spam
"Introducing our new product line, available now.",promotion
We are interested in sponsoring your upcoming event.,sponsorship
Limited time offer! Buy 1 get 1 free.,spam
"Introducing our new product line, available now.",promotion
Special discount on your next purchase!,promotion
Are you free for coffee this Saturday?,personal
Limited time offer! Buy 1 get 1 free.,spam
We would like to feature your brand in our campaign.,sponsorship
Limited time offer! Buy 1 get 1 free.,spam
Excited to partner with you for your next project.,sponsorship
Proposal for sponsorship collaboration attached.,sponsorship
Let's discuss potential sponsorship opportunities.,sponsorship
Just checking in. Hope everything is good with you.,personal
Get rich fast with this simple method!,spam
Get your exclusive loyalty rewards now!,promotion
Congratulations! You've won a prize! Claim now.,spam
Congratulations! You've won a prize! Claim now.,spam
Looking forward to our collaboration on the new project.,business
Earn $5000 a week from home! Click here.,spam
Pre-order our upcoming release and save big.,promotion
Looking forward to our collaboration on the new project.,business
Let's schedule a call for the next quarter planning.,business
Flash sale! Up to 70% off only for today.,promotion
Flash sale! Up to 70% off only for today.,promotion
Get your exclusive loyalty rewards now!,promotion
Proposal for sponsorship collaboration attached.,sponsorship
Excited to partner with you for your next project.,sponsorship
Invoice for last month's services is attached.,business
Get rich fast with this simple method!,spam
Just checking in. Hope everything is good with you.,personal
You have been selected for a cash reward.,spam
Special discount on your next purchase!,promotion
Excited to partner with you for your next project.,sponsorship
Let's schedule a call for the next quarter planning.,business
Excited to partner with you for your next project.,sponsorship
Congratulations! You've won a prize! Claim now.,spam
Happy Birthday! Wishing you a wonderful year ahead.,personal
Limited time offer! Buy 1 get 1 free.,spam
Are you free for coffee this Saturday?,personal
Looking forward to our collaboration on the new project.,business
Pre-order our upcoming release and save big.,promotion
You have been selected for a cash reward.,spam
Happy Birthday! Wishing you a wonderful year ahead.,personal
"Hey, how have you been? Let's catch up soon!",personal
Are you free for coffee this Saturday?,personal
Get rich fast with this simple method!,spam
Get your exclusive loyalty rewards now!,promotion
Get rich fast with this simple method!,spam
"Hey, how have you been? Let's catch up soon!",personal
"Introducing our new product line, available now.",promotion
"Introducing our new product line, available now.",promotion
"Hey, how have you been? Let's catch up soon!",personal
Let's discuss potential sponsorship opportunities.,sponsorship
We would like to feature your brand in our campaign.,sponsorship
Special discount on your next purchase!,promotion
Invoice for last month's services is attached.,business
Special discount on your next purchase!,promotion
Get your exclusive loyalty rewards now!,promotion
Flash sale! Up to 70% off only for today.,promotion
Proposal for sponsorship collaboration attached.,sponsorship
Just checking in. Hope everything is good with you.,personal
Excited to partner with you for your next project.,sponsorship
Are you free for coffee this Saturday?,personal
Looking forward to our collaboration on the new project.,business
Get your exclusive loyalty rewards now!,promotion
You have been selected for a cash reward.,spam
It was great seeing you last weekend!,personal
Proposal for sponsorship collaboration attached.,sponsorship
We would like to feature your brand in our campaign.,sponsorship
Excited to partner with you for your next project.,sponsorship
Get your exclusive loyalty rewards now!,promotion
Looking forward to our collaboration on the new project.,business
Happy Birthday! Wishing you a wonderful year ahead.,personal
It was great seeing you last weekend!,personal
Looking forward to our collaboration on the new project.,business
We are interested in sponsoring your upcoming event.,sponsorship
Let's discuss potential sponsorship opportunities.,sponsorship
Let's discuss potential sponsorship opportunities.,sponsorship
Get rich fast with this simple method!,spam
Special discount on your next purchase!,promotion
We are interested in sponsoring your upcoming event.,sponsorship
Get rich fast with this simple method!,spam
Just checking in. Hope everything is good with you.,personal
Earn $5000 a week from home! Click here.,spam
Are you free for coffee this Saturday?,personal
Congratulations! You've won a prize! Claim now.,spam
Congratulations! You've won a prize! Claim now.,spam
Special discount on your next purchase!,promotion
Proposal for sponsorship collaboration attached.,sponsorship
Just checking in. Hope everything is good with you.,personal
Looking forward to our collaboration on the new project.,business
We are interested in sponsoring your upcoming event.,sponsorship
It was great seeing you last weekend!,personal
You have been selected for a cash reward.,spam
Just checking in. Hope everything is good with you.,personal
Let's discuss potential sponsorship opportunities.,sponsorship
Kindly review the meeting agenda beforehand.,business
Congratulations! You've won a prize! Claim now.,spam
Please find the attached project report.,business
Earn $5000 a week from home! Click here.,spam
It was great seeing you last weekend!,personal
Happy Birthday! Wishing you a wonderful year ahead.,personal
Invoice for last month's services is attached.,business
Invoice for last month's services is attached.,business
Happy Birthday! Wishing you a wonderful year ahead.,personal
Let's schedule a call for the next quarter planning.,business
We would like to feature your brand in our campaign.,sponsorship
Are you free for coffee this Saturday?,personal
Happy Birthday! Wishing you a wonderful year ahead.,personal
Earn $5000 a week from home! Click here.,spam
Flash sale! Up to 70% off only for today.,promotion
Flash sale! Up to 70% off only for today.,promotion
Special discount on your next purchase!,promotion
It was great seeing you last weekend!,personal
Earn $5000 a week from home! Click here.,spam
Excited to partner with you for your next project.,sponsorship
Earn $5000 a week from home! Click here.,spam
Flash sale! Up to 70% off only for today.,promotion
Let's discuss potential sponsorship opportunities.,sponsorship
Congratulations! You've won a prize! Claim now.,spam
Congratulations! You've won a prize! Claim now.,spam
You have been selected for a cash reward.,spam
It was great seeing you last weekend!,personal
Let's discuss potential sponsorship opportunities.,sponsorship
Flash sale! Up to 70% off only for today.,promotion
Kindly review the meeting agenda beforehand.,business
Just checking in. Hope everything is good with you.,personal
Excited to partner with you for your next project.,sponsorship
Please find the attached project report.,business
Get your exclusive loyalty rewards now!,promotion
Earn $5000 a week from home! Click here.,spam
Kindly review the meeting agenda beforehand.,business
We would like to feature your brand in our campaign.,sponsorship
Please find the attached project report.,business
Special discount on your next purchase!,promotion
We would like to feature your brand in our campaign.,sponsorship
Special discount on your next purchase!,promotion
Let's discuss potential sponsorship opportunities.,sponsorship
Please find the attached project report.,business
Happy Birthday! Wishing you a wonderful year ahead.,personal
Invoice for last month's services is attached.,business
Get your exclusive loyalty rewards now!,promotion
You have been selected for a cash reward.,spam
Proposal for sponsorship collaboration attached.,sponsorship
Invoice for last month's services is attached.,business
Let's schedule a call for the next quarter planning.,business
Looking forward to our collaboration on the new project.,business
Happy Birthday! Wishing you a wonderful year ahead.,personal
Excited to partner with you for your next project.,sponsorship
It was great seeing you last weekend!,personal
Get your exclusive loyalty rewards now!,promotion
Congratulations! You've won a prize! Claim now.,spam
Please find the attached project report.,business
We would like to feature your brand in our campaign.,sponsorship
Invoice for last month's services is attached.,business
"Introducing our new product line, available now.",promotion
Limited time offer! Buy 1 get 1 free.,spam
"Hey, how have you been? Let's catch up soon!",personal
Please find the attached project report.,business
Are you free for coffee this Saturday?,personal
Looking forward to our collaboration on the new project.,business
Special discount on your next purchase!,promotion
You have been selected for a cash reward.,spam
Get rich fast with this simple method!,spam
Please find the attached project report.,business
We are interested in sponsoring your upcoming event.,sponsorship
Limited time offer! Buy 1 get 1 free.,spam
Let's schedule a call for the next quarter planning.,business
Let's schedule a call for the next quarter planning.,business
Invoice for last month's services is attached.,business
Please find the attached project report.,business
Excited to partner with you for your next project.,sponsorship
We would like to feature your brand in our campaign.,sponsorship
"Introducing our new product line, available now.",promotion
Please find the attached project report.,business
Flash sale! Up to 70% off only for today.,promotion
Are you free for coffee this Saturday?,personal
We are interested in sponsoring your upcoming event.,sponsorship
Get rich fast with this simple method!,spam
Limited time offer! Buy 1 get 1 free.,spam
Earn $5000 a week from home! Click here.,spam
Proposal for sponsorship collaboration attached.,sponsorship
Flash sale! Up to 70% off only for today.,promotion
Limited time offer! Buy 1 get 1 free.,spam
We are interested in sponsoring your upcoming event.,sponsorship
Let's discuss potential sponsorship opportunities.,sponsorship
Invoice for last month's services is attached.,business
It was great seeing you last weekend!,personal
Special discount on your next purchase!,promotion
We are interested in sponsoring your upcoming event.,sponsorship
Just checking in. Hope everything is good with you.,personal
"Hey, how have you been? Let's catch up soon!",personal
Kindly review the meeting agenda beforehand.,business
Proposal for sponsorship collaboration attached.,sponsorship
Proposal for sponsorship collaboration attached.,sponsorship
Happy Birthday! Wishing you a wonderful year ahead.,personal
We are interested in sponsoring your upcoming event.,sponsorship
Proposal for sponsorship collaboration attached.,sponsorship
Special discount on your next purchase!,promotion
Kindly review the meeting agenda beforehand.,business
Happy Birthday! Wishing you a wonderful year ahead.,personal
Limited time offer! Buy 1 get 1 free.,spam
Looking forward to our collaboration on the new project.,business
Are you free for coffee this Saturday?,personal
"Hey, how have you been? Let's catch up soon!",personal
Just checking in. Hope everything is good with you.,personal
Kindly review the meeting agenda beforehand.,business
Earn $5000 a week from home! Click here.,spam
You have been selected for a cash reward.,spam
Pre-order our upcoming release and save big.,promotion
Proposal for sponsorship collaboration attached.,sponsorship
Looking forward to our collaboration on the new project.,business
Limited time offer! Buy 1 get 1 free.,spam
Pre-order our upcoming release and save big.,promotion
It was great seeing you last weekend!,personal
Looking forward to our collaboration on the new project.,business
Are you free for coffee this Saturday?,personal
Excited to partner with you for your next project.,sponsorship
Looking forward to our collaboration on the new project.,business
Kindly review the meeting agenda beforehand.,business
Get rich fast with this simple method!,spam
Get rich fast with this simple method!,spam
We are interested in sponsoring your upcoming event.,sponsorship
Proposal for sponsorship collaboration attached.,sponsorship
You have been selected for a cash reward.,spam
"Hey, how have you been? Let's catch up soon!",personal
Special discount on your next purchase!,promotion
"Hey, how have you been? Let's catch up soon!",personal
Happy Birthday! Wishing you a wonderful year ahead.,personal
Special discount on your next purchase!,promotion
Pre-order our upcoming release and save big.,promotion
Limited time offer! Buy 1 get 1 free.,spam
Flash sale! Up to 70% off only for today.,promotion
We would like to feature your brand in our campaign.,sponsorship
We would like to feature your brand in our campaign.,sponsorship
Get your exclusive loyalty rewards now!,promotion
Special discount on your next purchase!,promotion
Excited to partner with you for your next project.,sponsorship
Congratulations! You've won a prize! Claim now.,spam
Looking forward to our collaboration on the new project.,business
Let's schedule a call for the next quarter planning.,business
"Introducing our new product line, available now.",promotion
Proposal for sponsorship collaboration attached.,sponsorship
Invoice for last month's services is attached.,business
Limited time offer! Buy 1 get 1 free.,spam
Let's discuss potential sponsorship opportunities.,sponsorship
Let's discuss potential sponsorship opportunities.,sponsorship
"Hey, how have you been? Let's catch up soon!",personal
"Introducing our new product line, available now.",promotion
Let's schedule a call for the next quarter planning.,business
Happy Birthday! Wishing you a wonderful year ahead.,personal
Happy Birthday! Wishing you a wonderful year ahead.,personal
Proposal for sponsorship collaboration attached.,sponsorship
You have been selected for a cash reward.,spam
"Hey, how have you been? Let's catch up soon!",personal
Congratulations! You've won a prize! Claim now.,spam
Let's schedule a call for the next quarter planning.,business
Limited time offer! Buy 1 get 1 free.,spam
Please find the attached project report.,business
We would like to feature your brand in our campaign.,sponsorship
Happy Birthday! Wishing you a wonderful year ahead.,personal
Please find the attached project report.,business
Limited time offer! Buy 1 get 1 free.,spam
Invoice for last month's services is attached.,business
"Hey, how have you been? Let's catch up soon!",personal
Earn $5000 a week from home! Click here.,spam
We are interested in sponsoring your upcoming event.,sponsorship
Let's schedule a call for the next quarter planning.,business
Earn $5000 a week from home! Click here.,spam
Earn $5000 a week from home! Click here.,spam
Just checking in. Hope everything is good with you.,personal
Get rich fast with this simple method!,spam
Limited time offer! Buy 1 get 1 free.,spam
Get your exclusive loyalty rewards now!,promotion
Get rich fast with this simple method!,spam
Are you free for coffee this Saturday?,personal
Happy Birthday! Wishing you a wonderful year ahead.,personal
Limited time offer! Buy 1 get 1 free.,spam
Let's discuss potential sponsorship opportunities.,sponsorship
Let's discuss potential sponsorship opportunities.,sponsorship
Excited to partner with you for your next project.,sponsorship
Happy Birthday! Wishing you a wonderful year ahead.,personal
Limited time offer! Buy 1 get 1 free.,spam
Looking forward to our collaboration on the new project.,business
Invoice for last month's services is attached.,business
Happy Birthday! Wishing you a wonderful year ahead.,personal
Get rich fast with this simple method!,spam
Invoice for last month's services is attached.,business
Please find the attached project report.,business
Invoice for last month's services is attached.,business
We are interested in sponsoring your upcoming event.,sponsorship
Get your exclusive loyalty rewards now!,promotion
Congratulations! You've won a prize! Claim now.,spam
Earn $5000 a week from home! Click here.,spam
Looking forward to our collaboration on the new project.,business
Get rich fast with this simple method!,spam
Please find the attached project report.,business
"Introducing our new product line, available now.",promotion
Congratulations! You've won a prize! Claim now.,spam
Looking forward to our collaboration on the new project.,business
We are interested in sponsoring your upcoming event.,sponsorship
It was great seeing you last weekend!,personal
Earn $5000 a week from home! Click here.,spam
Get your exclusive loyalty rewards now!,promotion
We would like to feature your brand in our campaign.,sponsorship
Just checking in. Hope everything is good with you.,personal
Are you free for coffee this Saturday?,personal
You have been selected for a cash reward.,spam
Kindly review the meeting agenda beforehand.,business
Are you free for coffee this Saturday?,personal
Excited to partner with you for your next project.,sponsorship
Special discount on your next purchase!,promotion
Looking forward to our collaboration on the new project.,business
Get your exclusive loyalty rewards now!,promotion
We are interested in sponsoring your upcoming event.,sponsorship
"Hey, how have you been? Let's catch up soon!",personal
Special discount on your next purchase!,promotion
You have been selected for a cash reward.,spam
Pre-order our upcoming release and save big.,promotion
Happy Birthday! Wishing you a wonderful year ahead.,personal
Get rich fast with this simple method!,spam
We would like to feature your brand in our campaign.,sponsorship
Earn $5000 a week from home! Click here.,spam
We would like to feature your brand in our campaign.,sponsorship
Looking forward to our collaboration on the new project.,business
Earn $5000 a week from home! Click here.,spam
"Introducing our new product line, available now.",promotion
Proposal for sponsorship collaboration attached.,sponsorship
Special discount on your next purchase!,promotion
Congratulations! You've won a prize! Claim now.,spam
Kindly review the meeting agenda beforehand.,business
Excited to partner with you for your next project.,sponsorship
Congratulations! You've won a prize! Claim now.,spam
"Introducing our new product line, available now.",promotion
Invoice for last month's services is attached.,business
Get rich fast with this simple method!,spam
Invoice for last month's services is attached.,business
Are you free for coffee this Saturday?,personal
Are you free for coffee this Saturday?,personal
"Introducing our new product line, available now.",promotion
Pre-order our upcoming release and save big.,promotion
We would like to feature your brand in our campaign.,sponsorship
We would like to feature your brand in our campaign.,sponsorship
Special discount on your next purchase!,promotion
Kindly review the meeting agenda beforehand.,business
"Hey, how have you been? Let's catch up soon!",personal
Proposal for sponsorship collaboration attached.,sponsorship
Happy Birthday! Wishing you a wonderful year ahead.,personal
Flash sale! Up to 70% off only for today.,promotion
Excited to partner with you for your next project.,sponsorship
Proposal for sponsorship collaboration attached.,sponsorship
Pre-order our upcoming release and save big.,promotion
Limited time offer! Buy 1 get 1 free.,spam
Kindly review the meeting agenda beforehand.,business
Flash sale! Up to 70% off only for today.,promotion
Excited to partner with you for your next project.,sponsorship
Earn $5000 a week from home! Click here.,spam
Get rich fast with this simple method!,spam
Pre-order our upcoming release and save big.,promotion
Earn $5000 a week from home! Click here.,spam
Just checking in. Hope everything is good with you.,personal
Please find the attached project report.,business
Happy Birthday! Wishing you a wonderful year ahead.,personal
Just checking in. Hope everything is good with you.,personal
Kindly review the meeting agenda beforehand.,business
Special discount on your next purchase!,promotion
Flash sale! Up to 70% off only for today.,promotion
We would like to feature your brand in our campaign.,sponsorship
Get your exclusive loyalty rewards now!,promotion
It was great seeing you last weekend!,personal
Get your exclusive loyalty rewards now!,promotion
Earn $5000 a week from home! Click here.,spam
Congratulations! You've won a prize! Claim now.,spam
We are interested in sponsoring your upcoming event.,sponsorship
It was great seeing you last weekend!,personal
Congratulations! You've won a prize! Claim now.,spam
Get your exclusive loyalty rewards now!,promotion
Earn $5000 a week from home! Click here.,spam
Congratulations! You've won a prize! Claim now.,spam
Just checking in. Hope everything is good with you.,personal
Earn $5000 a week from home! Click here.,spam
Flash sale! Up to 70% off only for today.,promotion
Earn $5000 a week from home! Click here.,spam
It was great seeing you last weekend!,personal
Flash sale! Up to 70% off only for today.,promotion
"Hey, how have you been? Let's catch up soon!",personal
"Introducing our new product line, available now.",promotion
We are interested in sponsoring your upcoming event.,sponsorship
Please find the attached project report.,business
Flash sale! Up to 70% off only for today.,promotion
Congratulations! You've won a prize! Claim now.,spam
Invoice for last month's services is attached.,business
Excited to partner with you for your next project.,sponsorship
Happy Birthday! Wishing you a wonderful year ahead.,personal
We are interested in sponsoring your upcoming event.,sponsorship
We would like to feature your brand in our campaign.,sponsorship
"Hey, how have you been? Let's catch up soon!",personal
Are you free for coffee this Saturday?,personal
It was great seeing you last weekend!,personal
Excited to partner with you for your next project.,sponsorship
Looking forward to our collaboration on the new project.,business
Earn $5000 a week from home! Click here.,spam
Get rich fast with this simple method!,spam
"Hey, how have you been? Let's catch up soon!",personal
Proposal for sponsorship collaboration attached.,sponsorship
Flash sale! Up to 70% off only for today.,promotion
Proposal for sponsorship collaboration attached.,sponsorship
Limited time offer! Buy 1 get 1 free.,spam
Just checking in. Hope everything is good with you.,personal
Earn $5000 a week from home! Click here.,spam
We would like to feature your brand in our campaign.,sponsorship
Congratulations! You've won a prize! Claim now.,spam
Get rich fast with this simple method!,spam
You have been selected for a cash reward.,spam
Happy Birthday! Wishing you a wonderful year ahead.,personal
"Introducing our new product line, available now.",promotion
Just checking in. Hope everything is good with you.,personal
Happy Birthday! Wishing you a wonderful year ahead.,personal
Proposal for sponsorship collaboration attached.,sponsorship
Just checking in. Hope everything is good with you.,personal
We are interested in sponsoring your upcoming event.,sponsorship
It was great seeing you last weekend!,personal
Limited time offer! Buy 1 get 1 free.,spam
Invoice for last month's services is attached.,business
Let's schedule a call for the next quarter planning.,business
Flash sale! Up to 70% off only for today.,promotion
Kindly review the meeting agenda beforehand.,business
Looking forward to our collaboration on the new project.,business
"Introducing our new product line, available now.",promotion
Limited time offer! Buy 1 get 1 free.,spam
Happy Birthday! Wishing you a wonderful year ahead.,personal
Happy Birthday! Wishing you a wonderful year ahead.,personal
Pre-order our upcoming release and save big.,promotion
You have been selected for a cash reward.,spam
Get your exclusive loyalty rewards now!,promotion
Flash sale! Up to 70% off only for today.,promotion
Get your exclusive loyalty rewards now!,promotion
Proposal for sponsorship collaboration attached.,sponsorship
It was great seeing you last weekend!,personal
Please find the attached project report.,business
You have been selected for a cash reward.,spam
Special discount on your next purchase!,promotion
We would like to feature your brand in our campaign.,sponsorship
Pre-order our upcoming release and save big.,promotion
Limited time offer! Buy 1 get 1 free.,spam
Please find the attached project report.,business
We would like to feature your brand in our campaign.,sponsorship
You have been selected for a cash reward.,spam
"Hey, how have you been? Let's catch up soon!",personal
We are interested in sponsoring your upcoming event.,sponsorship
Looking forward to our collaboration on the new project.,business
Flash sale! Up to 70% off only for today.,promotion
Get rich fast with this simple method!,spam
It was great seeing you last weekend!,personal
Kindly review the meeting agenda beforehand.,business
It was great seeing you last weekend!,personal
Just checking in. Hope everything is good with you.,personal
Get rich fast with this simple method!,spam
Kindly review the meeting agenda beforehand.,business
"Hey, how have you been? Let's catch up soon!",personal
Looking forward to our collaboration on the new project.,business
Invoice for last month's services is attached.,business
Are you free for coffee this Saturday?,personal
Special discount on your next purchase!,promotion
Looking forward to our collaboration on the new project.,business
It was great seeing you last weekend!,personal
Are you free for coffee this Saturday?,personal
Are you free for coffee this Saturday?,personal
Pre-order our upcoming release and save big.,promotion
We would like to feature your brand in our campaign.,sponsorship
Happy Birthday! Wishing you a wonderful year ahead.,personal
Proposal for sponsorship collaboration attached.,sponsorship
It was great seeing you last weekend!,personal
Excited to partner with you for your next project.,sponsorship
Get your exclusive loyalty rewards now!,promotion
Excited to partner with you for your next project.,sponsorship
Pre-order our upcoming release and save big.,promotion
Earn $5000 a week from home! Click here.,spam
We are interested in sponsoring your upcoming event.,sponsorship
We are interested in sponsoring your upcoming event.,sponsorship
Pre-order our upcoming release and save big.,promotion
Flash sale! Up to 70% off only for today.,promotion
It was great seeing you last weekend!,personal
We would like to feature your brand in our campaign.,sponsorship
Let's schedule a call for the next quarter planning.,business
Looking forward to our collaboration on the new project.,business
We are interested in sponsoring your upcoming event.,sponsorship
Please find the attached project report.,business
You have been selected for a cash reward.,spam
Get rich fast with this simple method!,spam
"Introducing our new product line, available now.",promotion
Limited time offer! Buy 1 get 1 free.,spam
Please find the attached project report.,business
Kindly review the meeting agenda beforehand.,business
Just checking in. Hope everything is good with you.,personal
Invoice for last month's services is attached.,business
Just checking in. Hope everything is good with you.,personal
It was great seeing you last weekend!,personal
Kindly review the meeting agenda beforehand.,business
Pre-order our upcoming release and save big.,promotion
Looking forward to our collaboration on the new project.,business
Let's discuss potential sponsorship opportunities.,sponsorship
Congratulations! You've won a prize! Claim now.,spam
You have been selected for a cash reward.,spam
Special discount on your next purchase!,promotion
Let's schedule a call for the next quarter planning.,business
Special discount on your next purchase!,promotion
We are interested in sponsoring your upcoming event.,sponsorship
Please find the attached project report.,business
"Introducing our new product line, available now.",promotion
Special discount on your next purchase!,promotion
It was great seeing you last weekend!,personal
Get your exclusive loyalty rewards now!,promotion
Let's schedule a call for the next quarter planning.,business
It was great seeing you last weekend!,personal
Looking forward to our collaboration on the new project.,business
Let's discuss potential sponsorship opportunities.,sponsorship
Pre-order our upcoming release and save big.,promotion
Let's schedule a call for the next quarter planning.,business
Happy Birthday! Wishing you a wonderful year ahead.,personal
Flash sale! Up to 70% off only for today.,promotion
Let's discuss potential sponsorship opportunities.,sponsorship
Happy Birthday! Wishing you a wonderful year ahead.,personal
"Hey, how have you been? Let's catch up soon!",personal
We would like to feature your brand in our campaign.,sponsorship
We are interested in sponsoring your upcoming event.,sponsorship
Let's discuss potential sponsorship opportunities.,sponsorship
Just checking in. Hope everything is good with you.,personal
Excited to partner with you for your next project.,sponsorship
We are interested in sponsoring your upcoming event.,sponsorship
Get rich fast with this simple method!,spam
We are interested in sponsoring your upcoming event.,sponsorship
You have been selected for a cash reward.,spam
Excited to partner with you for your next project.,sponsorship
You have been selected for a cash reward.,spam
Let's schedule a call for the next quarter planning.,business
Excited to partner with you for your next project.,sponsorship
Just checking in. Hope everything is good with you.,personal
We would like to feature your brand in our campaign.,sponsorship
Please find the attached project report.,business
Looking forward to our collaboration on the new project.,business
Invoice for last month's services is attached.,business
Earn $5000 a week from home! Click here.,spam
"Introducing our new product line, available now.",promotion
We are interested in sponsoring your upcoming event.,sponsorship
It was great seeing you last weekend!,personal
Special discount on your next purchase!,promotion
Just checking in. Hope everything is good with you.,personal
Let's schedule a call for the next quarter planning.,business
Flash sale! Up to 70% off only for today.,promotion
Congratulations! You've won a prize! Claim now.,spam
It was great seeing you last weekend!,personal
Special discount on your next purchase!,promotion
Limited time offer! Buy 1 get 1 free.,spam
It was great seeing you last weekend!,personal
Get rich fast with this simple method!,spam
Just checking in. Hope everything is good with you.,personal
Are you free for coffee this Saturday?,personal
Are you free for coffee this Saturday?,personal
Get your exclusive loyalty rewards now!,promotion
Excited to partner with you for your next project.,sponsorship
Get your exclusive loyalty rewards now!,promotion
Let's discuss potential sponsorship opportunities.,sponsorship
Let's discuss potential sponsorship opportunities.,sponsorship
Let's discuss potential sponsorship opportunities.,sponsorship
Limited time offer! Buy 1 get 1 free.,spam
It was great seeing you last weekend!,personal
Limited time offer! Buy 1 get 1 free.,spam
Looking forward to our collaboration on the new project.,business
Limited time offer! Buy 1 get 1 free.,spam
Special discount on your next purchase!,promotion
Looking forward to our collaboration on the new project.,business
Pre-order our upcoming release and save big.,promotion
Flash sale! Up to 70% off only for today.,promotion
Limited time offer! Buy 1 get 1 free.,spam
We are interested in sponsoring your upcoming event.,sponsorship
Limited time offer! Buy 1 get 1 free.,spam
Happy Birthday! Wishing you a wonderful year ahead.,personal
Looking forward to our collaboration on the new project.,business
We would like to feature your brand in our campaign.,sponsorship
Let's discuss potential sponsorship opportunities.,sponsorship
Pre-order our upcoming release and save big.,promotion
Proposal for sponsorship collaboration attached.,sponsorship
We are interested in sponsoring your upcoming event.,sponsorship
Proposal for sponsorship collaboration attached.,sponsorship
Proposal for sponsorship collaboration attached.,sponsorship
Let's schedule a call for the next quarter planning.,business
Earn $5000 a week from home! Click here.,spam
"Introducing our new product line, available now.",promotion
Limited time offer! Buy 1 get 1 free.,spam
Pre-order our upcoming release and save big.,promotion
We are interested in sponsoring your upcoming event.,sponsorship
Let's schedule a call for the next quarter planning.,business
Earn $5000 a week from home! Click here.,spam
Excited to partner with you for your next project.,sponsorship
Just checking in. Hope everything is good with you.,personal
"Hey, how have you been? Let's catch up soon!",personal
Proposal for sponsorship collaboration attached.,sponsorship
Proposal for sponsorship collaboration attached.,sponsorship
You have been selected for a cash reward.,spam
Please find the attached project report.,business
Just checking in. Hope everything is good with you.,personal
Proposal for sponsorship collaboration attached.,sponsorship
"Introducing our new product line, available now.",promotion
You have been selected for a cash reward.,spam
"Introducing our new product line, available now.",promotion
Get rich fast with this simple method!,spam
We are interested in sponsoring your upcoming event.,sponsorship
Limited time offer! Buy 1 get 1 free.,spam
Let's schedule a call for the next quarter planning.,business
Congratulations! You've won a prize! Claim now.,spam
Pre-order our upcoming release and save big.,promotion
Let's discuss potential sponsorship opportunities.,sponsorship
Happy Birthday! Wishing you a wonderful year ahead.,personal
It was great seeing you last weekend!,personal
Flash sale! Up to 70% off only for today.,promotion
Get your exclusive loyalty rewards now!,promotion
Just checking in. Hope everything is good with you.,personal
"Hey, how have you been? Let's catch up soon!",personal
Invoice for last month's services is attached.,business
Flash sale! Up to 70% off only for today.,promotion
We are interested in sponsoring your upcoming event.,sponsorship
Special discount on your next purchase!,promotion
Invoice for last month's services is attached.,business
Let's schedule a call for the next quarter planning.,business
Let's schedule a call for the next quarter planning.,business
Looking forward to our collaboration on the new project.,business
Special discount on your next purchase!,promotion
Just checking in. Hope everything is good with you.,personal
Get rich fast with this simple method!,spam
You have been selected for a cash reward.,spam
Earn $5000 a week from home! Click here.,spam
Flash sale! Up to 70% off only for today.,promotion
"Introducing our new product line, available now.",promotion
We are interested in sponsoring your upcoming event.,sponsorship
Please find the attached project report.,business
Invoice for last month's services is attached.,business
Looking forward to our collaboration on the new project.,business
Excited to partner with you for your next project.,sponsorship
Proposal for sponsorship collaboration attached.,sponsorship
Flash sale! Up to 70% off only for today.,promotion
"Introducing our new product line, available now.",promotion
It was great seeing you last weekend!,personal
Please find the attached project report.,business
Please find the attached project report.,business
We would like to feature your brand in our campaign.,sponsorship
Get your exclusive loyalty rewards now!,promotion
Earn $5000 a week from home! Click here.,spam
Get your exclusive loyalty rewards now!,promotion
Please find the attached project report.,business
Special discount on your next purchase!,promotion
Just checking in. Hope everything is good with you.,personal
You have been selected for a cash reward.,spam
Just checking in. Hope everything is good with you.,personal
Proposal for sponsorship collaboration attached.,sponsorship
Special discount on your next purchase!,promotion
Get rich fast with this simple method!,spam
Excited to partner with you for your next project.,sponsorship
Get rich fast with this simple method!,spam
Looking forward to our collaboration on the new project.,business
Happy Birthday! Wishing you a wonderful year ahead.,personal
Just checking in. Hope everything is good with you.,personal
Looking forward to our collaboration on the new project.,business
Congratulations! You've won a prize! Claim now.,spam
You have been selected for a cash reward.,spam
Limited time offer! Buy 1 get 1 free.,spam
Kindly review the meeting agenda beforehand.,business
You have been selected for a cash reward.,spam
Get your exclusive loyalty rewards now!,promotion
Flash sale! Up to 70% off only for today.,promotion
Earn $5000 a week from home! Click here.,spam
Congratulations! You've won a prize! Claim now.,spam
Limited time offer! Buy 1 get 1 free.,spam
Are you free for coffee this Saturday?,personal
Proposal for sponsorship collaboration attached.,sponsorship
Flash sale! Up to 70% off only for today.,promotion
Let's discuss potential sponsorship opportunities.,sponsorship
"Introducing our new product line, available now.",promotion
We are interested in sponsoring your upcoming event.,sponsorship
You have been selected for a cash reward.,spam
Earn $5000 a week from home! Click here.,spam
We would like to feature your brand in our campaign.,sponsorship
Are you free for coffee this Saturday?,personal
You have been selected for a cash reward.,spam
Proposal for sponsorship collaboration attached.,sponsorship
Earn $5000 a week from home! Click here.,spam
Congratulations! You've won a prize! Claim now.,spam
It was great seeing you last weekend!,personal
Pre-order our upcoming release and save big.,promotion
Pre-order our upcoming release and save big.,promotion
Excited to partner with you for your next project.,sponsorship
Flash sale! Up to 70% off only for today.,promotion
Let's discuss potential sponsorship opportunities.,sponsorship
"Introducing our new product line, available now.",promotion
Get rich fast with this simple method!,spam
Looking forward to our collaboration on the new project.,business
We are interested in sponsoring your upcoming event.,sponsorship
"Hey, how have you been? Let's catch up soon!",personal
Excited to partner with you for your next project.,sponsorship
Flash sale! Up to 70% off only for today.,promotion
Get rich fast with this simple method!,spam
We would like to feature your brand in our campaign.,sponsorship
Earn $5000 a week from home! Click here.,spam
Flash sale! Up to 70% off only for today.,promotion
Are you free for coffee this Saturday?,personal
Are you free for coffee this Saturday?,personal
Flash sale! Up to 70% off only for today.,promotion
We are interested in sponsoring your upcoming event.,sponsorship
Just checking in. Hope everything is good with you.,personal
Get rich fast with this simple method!,spam
"Introducing our new product line, available now.",promotion
We are interested in sponsoring your upcoming event.,sponsorship
Looking forward to our collaboration on the new project.,business
Just checking in. Hope everything is good with you.,personal
We would like to feature your brand in our campaign.,sponsorship
Get rich fast with this simple method!,spam
Proposal for sponsorship collaboration attached.,sponsorship
Let's discuss potential sponsorship opportunities.,sponsorship
Let's discuss potential sponsorship opportunities.,sponsorship
Get rich fast with this simple method!,spam
We would like to feature your brand in our campaign.,sponsorship
Are you free for coffee this Saturday?,personal
We are interested in sponsoring your upcoming event.,sponsorship
"Introducing our new product line, available now.",promotion
Happy Birthday! Wishing you a wonderful year ahead.,personal
Just checking in. Hope everything is good with you.,personal
Let's discuss potential sponsorship opportunities.,sponsorship
"Introducing our new product line, available now.",promotion
Excited to partner with you for your next project.,sponsorship
We would like to feature your brand in our campaign.,sponsorship
Flash sale! Up to 70% off only for today.,promotion
Get your exclusive loyalty rewards now!,promotion
Happy Birthday! Wishing you a wonderful year ahead.,personal
Special discount on your next purchase!,promotion
Proposal for sponsorship collaboration attached.,sponsorship
We are interested in sponsoring your upcoming event.,sponsorship
You have been selected for a cash reward.,spam
We would like to feature your brand in our campaign.,sponsorship
Special discount on your next purchase!,promotion
Pre-order our upcoming release and save big.,promotion
Proposal for sponsorship collaboration attached.,sponsorship
You have been selected for a cash reward.,spam
It was great seeing you last weekend!,personal
You have been selected for a cash reward.,spam
We would like to feature your brand in our campaign.,sponsorship
Let's schedule a call for the next quarter planning.,business
It was great seeing you last weekend!,personal
Happy Birthday! Wishing you a wonderful year ahead.,personal
It was great seeing you last weekend!,personal
Get your exclusive loyalty rewards now!,promotion
Invoice for last month's services is attached.,business
It was great seeing you last weekend!,personal
Let's discuss potential sponsorship opportunities.,sponsorship
Flash sale! Up to 70% off only for today.,promotion
Invoice for last month's services is attached.,business
Let's schedule a call for the next quarter planning.,business
Invoice for last month's services is attached.,business
Get your exclusive loyalty rewards now!,promotion
Let's discuss potential sponsorship opportunities.,sponsorship
Kindly review the meeting agenda beforehand.,business
Earn $5000 a week from home! Click here.,spam
Excited to partner with you for your next project.,sponsorship
Get your exclusive loyalty rewards now!,promotion
Are you free for coffee this Saturday?,personal
Please find the attached project report.,business
Proposal for sponsorship collaboration attached.,sponsorship
Special discount on your next purchase!,promotion
Just checking in. Hope everything is good with you.,personal
Get your exclusive loyalty rewards now!,promotion
Special discount on your next purchase!,promotion
Happy Birthday! Wishing you a wonderful year ahead.,personal
Invoice for last month's services is attached.,business
You have been selected for a cash reward.,spam
Limited time offer! Buy 1 get 1 free.,spam
Limited time offer! Buy 1 get 1 free.,spam
Special discount on your next purchase!,promotion
"Hey, how have you been? Let's catch up soon!",personal
Special discount on your next purchase!,promotion
Earn $5000 a week from home! Click here.,spam
Congratulations! You've won a prize! Claim now.,spam
Looking forward to our collaboration on the new project.,business
It was great seeing you last weekend!,personal
We are interested in sponsoring your upcoming event.,sponsorship
Please find the attached project report.,business
Proposal for sponsorship collaboration attached.,sponsorship
Looking forward to our collaboration on the new project.,business
Excited to partner with you for your next project.,sponsorship
Special discount on your next purchase!,promotion
Kindly review the meeting agenda beforehand.,business
Get rich fast with this simple method!,spam
It was great seeing you last weekend!,personal
Happy Birthday! Wishing you a wonderful year ahead.,personal
Invoice for last month's services is attached.,business
Let's discuss potential sponsorship opportunities.,sponsorship
Just checking in. Hope everything is good with you.,personal
Kindly review the meeting agenda beforehand.,business
"Introducing our new product line, available now.",promotion
Just checking in. Hope everything is good with you.,personal
Get your exclusive loyalty rewards now!,promotion
"Introducing our new product line, available now.",promotion
Looking forward to our collaboration on the new project.,business
Happy Birthday! Wishing you a wonderful year ahead.,personal
Get rich fast with this simple method!,spam
Special discount on your next purchase!,promotion
Flash sale! Up to 70% off only for today.,promotion
Happy Birthday! Wishing you a wonderful year ahead.,personal
Proposal for sponsorship collaboration attached.,sponsorship
Flash sale! Up to 70% off only for today.,promotion
Let's discuss potential sponsorship opportunities.,sponsorship
Kindly review the meeting agenda beforehand.,business
"Introducing our new product line, available now.",promotion
We would like to feature your brand in our campaign.,sponsorship
Happy Birthday! Wishing you a wonderful year ahead.,personal
Let's discuss potential sponsorship opportunities.,sponsorship
Earn $5000 a week from home! Click here.,spam
Earn $5000 a week from home! Click here.,spam
Congratulations! You've won a prize! Claim now.,spam
We would like to feature your brand in our campaign.,sponsorship
Get rich fast with this simple method!,spam
It was great seeing you last weekend!,personal
Let's discuss potential sponsorship opportunities.,sponsorship
Are you free for coffee this Saturday?,personal
Invoice for last month's services is attached.,business
It was great seeing you last weekend!,personal
"Introducing our new product line, available now.",promotion
Congratulations! You've won a prize! Claim now.,spam
Get rich fast with this simple method!,spam
Congratulations! You've won a prize! Claim now.,spam
We are interested in sponsoring your upcoming event.,sponsorship
Please find the attached project report.,business
We would like to feature your brand in our campaign.,sponsorship
Flash sale! Up to 70% off only for today.,promotion
Kindly review the meeting agenda beforehand.,business
Kindly review the meeting agenda beforehand.,business
You have been selected for a cash reward.,spam
Please find the attached project report.,business
Happy Birthday! Wishing you a wonderful year ahead.,personal
"Hey, how have you been? Let's catch up soon!",personal
Kindly review the meeting agenda beforehand.,business
Get rich fast with this simple method!,spam
Congratulations! You've won a prize! Claim now.,spam
Limited time offer! Buy 1 get 1 free.,spam
Let's schedule a call for the next quarter planning.,business
Earn $5000 a week from home! Click here.,spam
Pre-order our upcoming release and save big.,promotion
We would like to feature your brand in our campaign.,sponsorship
Please find the attached project report.,business
Pre-order our upcoming release and save big.,promotion
Invoice for last month's services is attached.,business
Please find the attached project report.,business
"Hey, how have you been? Let's catch up soon!",personal
Let's discuss potential sponsorship opportunities.,sponsorship
Looking forward to our collaboration on the new project.,business
Invoice for last month's services is attached.,business
Proposal for sponsorship collaboration attached.,sponsorship
Looking forward to our collaboration on the new project.,business
We would like to feature your brand in our campaign.,sponsorship
Let's schedule a call for the next quarter planning.,business
Get your exclusive loyalty rewards now!,promotion
Invoice for last month's services is attached.,business
We are interested in sponsoring your upcoming event.,sponsorship
Flash sale! Up to 70% off only for today.,promotion
Proposal for sponsorship collaboration attached.,sponsorship
Excited to partner with you for your next project.,sponsorship
"Introducing our new product line, available now.",promotion
Get your exclusive loyalty rewards now!,promotion
We would like to feature your brand in our campaign.,sponsorship
"Hey, how have you been? Let's catch up soon!",personal
Limited time offer! Buy 1 get 1 free.,spam
Get rich fast with this simple method!,spam
Invoice for last month's services is attached.,business
We would like to feature your brand in our campaign.,sponsorship
Let's discuss potential sponsorship opportunities.,sponsorship
Limited time offer! Buy 1 get 1 free.,spam
"Introducing our new product line, available now.",promotion
Excited to partner with you for your next project.,sponsorship
Let's schedule a call for the next quarter planning.,business
Are you free for coffee this Saturday?,personal
Are you free for coffee this Saturday?,personal
Pre-order our upcoming release and save big.,promotion
Proposal for sponsorship collaboration attached.,sponsorship
Special discount on your next purchase!,promotion
Invoice for last month's services is attached.,business
We would like to feature your brand in our campaign.,sponsorship
Get your exclusive loyalty rewards now!,promotion
We would like to feature your brand in our campaign.,sponsorship
"Hey, how have you been? Let's catch up soon!",personal
Earn $5000 a week from home! Click here.,spam
Special discount on your next purchase!,promotion
Congratulations! You've won a prize! Claim now.,spam
Are you free for coffee this Saturday?,personal
Are you free for coffee this Saturday?,personal
Excited to partner with you for your next project.,sponsorship
Proposal for sponsorship collaboration attached.,sponsorship
We would like to feature your brand in our campaign.,sponsorship
Proposal for sponsorship collaboration attached.,sponsorship
Proposal for sponsorship collaboration attached.,sponsorship
Limited time offer! Buy 1 get 1 free.,spam
Congratulations! You've won a prize! Claim now.,spam
Kindly review the meeting agenda beforehand.,business
Flash sale! Up to 70% off only for today.,promotion
Happy Birthday! Wishing you a wonderful year ahead.,personal
Pre-order our upcoming release and save big.,promotion
Looking forward to our collaboration on the new project.,business
Kindly review the meeting agenda beforehand.,business
Earn $5000 a week from home! Click here.,spam
Looking forward to our collaboration on the new project.,business
Get your exclusive loyalty rewards now!,promotion
Let's schedule a call for the next quarter planning.,business
Proposal for sponsorship collaboration attached.,sponsorship
We are interested in sponsoring your upcoming event.,sponsorship
Let's discuss potential sponsorship opportunities.,sponsorship
Pre-order our upcoming release and save big.,promotion
Earn $5000 a week from home! Click here.,spam
Invoice for last month's services is attached.,business
Happy Birthday! Wishing you a wonderful year ahead.,personal
Kindly review the meeting agenda beforehand.,business
It was great seeing you last weekend!,personal
Invoice for last month's services is attached.,business
Limited time offer! Buy 1 get 1 free.,spam
Limited time offer! Buy 1 get 1 free.,spam
